"","V1","V2","V3","V4","V5","V6","V7","V8","V9","V10","V11"
"X1","X1","X23","X17","X37","X20","X60","X8","X30","X66","X14","X49"
"X2","X2","X51","X31","X74","X25","X60","X55","X45","X49","X69","X11"
"X3","X3","X61","X25","X76","X31","X56","X33","X49","X69","X11","X29"
"X4","X35","X32","X38","X70","X66","X14","X40","X30","X8","X20","X37"
"X5","X5","X36","X19","X47","X22","X16","X12","X30","X70","X66","X32"
"X6","X6","X42","X13","X17","X23","X37","X30","X20","X66","X70","X32"
"X7","X7","X48","X13","X42","X37","X20","X17","X23","X30","X38","X32"
"X8","X8","X14","X20","X49","X69","X17","X35","X4","X9","X26","X27"
"X9","X35","X32","X38","X70","X66","X14","X40","X30","X8","X20","X37"
"X10","X10","X71","X60","X45","X1","X69","X29","X8","X14","X49","X23"
"X11","X11","X29","X40","X69","X14","X4","X9","X26","X27","X41","X43"
"X12","X12","X78","X22","X5","X36","X30","X47","X15","X19","X66","X70"
"X13","X13","X42","X30","X70","X66","X23","X32","X38","X4","X9","X26"
"X14","X14","X8","X69","X49","X20","X35","X4","X9","X26","X27","X41"
"X15","X15","X70","X19","X32","X4","X9","X26","X27","X41","X43","X50"
"X16","X16","X5","X42","X36","X30","X55","X19","X47","X66","X32","X22"
"X17","X17","X20","X37","X8","X23","X49","X35","X14","X4","X9","X26"
"X18","X18","X63","X76","X46","X33","X52","X49","X69","X11","X29","X20"
"X19","X19","X47","X38","X32","X22","X4","X9","X26","X27","X41","X43"
"X20","X20","X17","X8","X49","X37","X14","X35","X4","X9","X26","X27"
"X21","X21","X52","X19","X33","X40","X32","X35","X4","X9","X26","X27"
"X22","X22","X47","X19","X70","X36","X38","X32","X4","X9","X26","X27"
"X23","X23","X17","X37","X30","X20","X66","X4","X9","X26","X27","X41"
"X24","X24","X39","X74","X31","X60","X37","X49","X17","X20","X55","X45"
"X25","X25","X31","X3","X56","X69","X49","X29","X11","X2","X20","X40"
"X26","X35","X32","X38","X70","X66","X14","X40","X30","X8","X20","X37"
"X27","X35","X32","X38","X70","X66","X14","X40","X30","X8","X20","X37"
"X28","X28","X1","X60","X45","X49","X17","X23","X20","X69","X8","X14"
"X29","X29","X11","X69","X40","X14","X4","X9","X26","X27","X41","X43"
"X30","X30","X66","X32","X38","X70","X35","X4","X9","X26","X27","X41"
"X31","X31","X25","X69","X49","X11","X29","X20","X8","X14","X17","X45"
"X32","X32","X4","X9","X26","X27","X41","X43","X50","X53","X54","X57"
"X33","X33","X52","X76","X11","X29","X40","X69","X38","X35","X4","X9"
"X34","X34","X78","X15","X29","X11","X36","X40","X22","X66","X47","X70"
"X35","X35","X4","X9","X26","X27","X41","X43","X50","X53","X54","X57"
"X36","X36","X22","X5","X19","X47","X66","X70","X38","X30","X4","X9"
"X37","X37","X17","X20","X23","X32","X4","X9","X26","X27","X41","X43"
"X38","X38","X4","X9","X26","X27","X41","X43","X50","X53","X54","X57"
"X39","X39","X24","X74","X60","X45","X1","X37","X11","X49","X69","X29"
"X40","X40","X11","X4","X9","X26","X27","X41","X43","X50","X53","X54"
"X41","X35","X32","X38","X70","X66","X14","X40","X30","X8","X20","X37"
"X42","X42","X13","X30","X16","X66","X70","X47","X5","X32","X35","X4"
"X43","X35","X32","X38","X70","X66","X14","X40","X30","X8","X20","X37"
"X44","X44","X23","X14","X49","X60","X8","X17","X1","X37","X20","X70"
"X45","X45","X49","X17","X14","X60","X4","X9","X26","X27","X41","X43"
"X46","X46","X76","X33","X8","X40","X52","X69","X35","X14","X4","X9"
"X47","X47","X19","X38","X70","X32","X4","X9","X26","X27","X41","X43"
"X48","X48","X37","X70","X20","X23","X4","X9","X26","X27","X41","X43"
"X49","X49","X8","X14","X20","X69","X17","X60","X35","X4","X9","X26"
"X50","X35","X32","X38","X70","X66","X14","X40","X30","X8","X20","X37"
"X51","X51","X2","X45","X31","X55","X49","X69","X60","X11","X14","X29"
"X52","X52","X33","X11","X29","X40","X76","X35","X4","X9","X26","X27"
"X53","X35","X32","X38","X70","X66","X14","X40","X30","X8","X20","X37"
"X54","X35","X32","X38","X70","X66","X14","X40","X30","X8","X20","X37"
"X55","X55","X45","X32","X35","X4","X9","X26","X27","X41","X43","X50"
"X56","X56","X4","X9","X26","X27","X41","X43","X50","X53","X54","X57"
"X57","X35","X32","X38","X70","X66","X14","X40","X30","X8","X20","X37"
"X58","X35","X32","X38","X70","X66","X14","X40","X30","X8","X20","X37"
"X59","X59","X15","X38","X70","X68","X35","X4","X9","X26","X27","X41"
"X60","X60","X49","X20","X17","X8","X1","X37","X14","X45","X69","X23"
"X61","X61","X3","X25","X76","X56","X31","X33","X52","X49","X11","X45"
"X62","X62","X25","X76","X31","X46","X33","X52","X56","X17","X69","X11"
"X63","X63","X14","X76","X29","X46","X11","X33","X69","X8","X52","X49"
"X64","X64","X76","X21","X33","X52","X29","X40","X11","X69","X14","X19"
"X65","X65","X33","X52","X11","X29","X77","X19","X40","X47","X21","X38"
"X66","X66","X30","X32","X70","X4","X9","X26","X27","X41","X43","X50"
"X67","X35","X32","X38","X70","X66","X14","X40","X30","X8","X20","X37"
"X68","X68","X1","X23","X37","X17","X8","X20","X30","X14","X70","X66"
"X69","X69","X14","X8","X29","X49","X11","X35","X4","X9","X26","X27"
"X70","X70","X32","X4","X9","X26","X27","X41","X43","X50","X53","X54"
"X71","X71","X10","X60","X1","X45","X69","X37","X49","X29","X8","X14"
"X72","X72","X69","X60","X45","X49","X1","X14","X37","X20","X11","X29"
"X73","X73","X39","X63","X69","X1","X60","X49","X23","X11","X29","X8"
"X74","X74","X2","X31","X49","X60","X17","X45","X37","X8","X14","X51"
"X75","X75","X2","X51","X25","X60","X31","X49","X45","X11","X29","X69"
"X76","X76","X33","X52","X69","X46","X11","X29","X14","X40","X8","X38"
"X77","X77","X35","X32","X4","X9","X26","X27","X41","X43","X50","X53"
"X78","X78","X22","X36","X12","X15","X19","X47","X66","X70","X38","X4"
