"","score","text"
"1",1,"oh my well then https …"
"2",1,"oh my well then"
"3",-1,"did she accuse you of being in a ideology that s what staff do lately lol"
"4",1,"we love our kittens cats in our household"
"5",2,"if you have a conviction but then it offends a self righteous minority so you dilute your conviction it turns into an ideal…"
"6",0,"starting to get very old just repair the lines already"
"7",2,"glad telstra has explained their step back from equality isn t a step back from equality hot tip it is"
"8",4,"great night with our best and brightest and their mentors mayors technology awards"
"9",-2,"dear if you want to avoid controversial issues consider cutting your commercial ties w an institution that covers…"
"10",1,"well we now know old male child rapists have more power than the australian people in a publicly listed company"
"11",-1,"how about we organise a consumer boycott of for bowing to the medieval bigots and child abusers of the catholic chu…"
"12",2,"so still supports but will no longer publicly participate in the debate how useful ht…"
"13",0,"yikes"
"14",0,"in trying to appease both gays and catholics isn t assuming there is no overlap between the two"
"15",1,"continues to excel itself in sheer incompetence good job"
"16",2,"so still supports but will no longer publicly participate in the debate how useful"
"17",0,"catholic church silences on same sex marriage"
"18",1,"a great day on the for at"
"19",-2,"poor business decision tip for the future dont alienate your customers if you have any left"
"20",-1,"if had balls they would have told the archbishop of syd amp the catholic church to politely fuck off"
"21",2,"i wonder how the employees of feel about s decision to withdraw from supporting divers…"
"22",0,""
"23",2,"i wonder how the employees of feel about s decision to withdraw from supporting diversity my arse ed u a u bd ed u b u"
"24",0,"you suck and and right wing nuts"
"25",-1,"poor form"
"26",-2,"one assumes that the men you employ are aware that raping children is illegal"
"27",-1,"former chairwoman struck deal w catholic church to stop campaigning marriage equality"
"28",1,"ceo we support it just staying out of it 

bruce springsteen screw the money i have principles 

note the d…"
"29",0,"my piece on in australian corporations and and"
"30",1,"let s not forget do you support marriage equality unlike your counterpart"
"31",-1,"denies catholic pressure forced it to abandon marriage equality campaign"
"32",0,"cto if everyone stops talking about maybe some of it can actually get done"
"33",0,"and owns"
"34",0,"given the telstra troubles we have all been having shouldn t you be giving away free movie tickets"
"35",-2,"hell of a way to come back from those pr troubles you ve been having lately"
"36",0,"huge mistake the lgbti community have a lot of allies who dont like your decision"
"37",0,"new vlog on my discussing and the link in bio ed u a u bd ed u b u b"
"38",0,"honouring their marketing slogan the network without equal"
"39",-1,"oh the burn ed u a u bd ed u b u a ed u a u bd ed u b u a ed u a u bd ed u b u a"
"40",1,"what s the point of g it s basically like having no signal"
"41",1,"direct just like the church was in demanding you follow their diktat"
"42",0,"is there a story on i m watching the news"
"43",0,"is there a story on tonight"
"44",0,"is there a story about tonight"
"45",-1,"want the nbn do go though this lot absolutely hopeless no business phone line for over two weeks"
"46",2,"have gone from supporting marriage equality to withdrawing from the debate to now supporting a plebiscite …"
"47",-1,"anyone in having issues specifically with data"
"48",1,"i predict will end up giving give free data to same sex marriage supporters this sunday"
"49",-1,"erm thanks i m expecting it to be as fraught as a call to and as long"
"50",2,"have gone from supporting marriage equality to withdrawing from the debate to now supporting a plebiscite"
"51",0,"media placements are everything"
"52",-1,"has the catholic church sent the same threatening letter to banks to stop them lending to gays yet

 https…"
"53",0,"i ll be taking my business elsewhere as soon as possible 

as for you catholic church yet again you"
"54",2,"if you have a conviction but then it offends a self righteous minority so you dilute your conviction it turns into an ideal instead"
"55",0,"but as soon as my contracts are up i m moving ships"
"56",-1,"the church and its weakening grip over and taxes"
"57",0,"is being paid billion by"
"58",-1,"i m also waiting for catholic church to call malcolm turnbull regarding mathew"
"59",0,"go ed u a u bd ed u b u f ed u a u bd ed u b u f ed u a u bd ed u b u f"
"60",0,"’s marriage equality support as unreliable as their services"
"61",1,"removed its support for same sex allegedly due to pressure from the church"
"62",-1,"shame on you"
"63",1,"after s removal of gay marriage support amp could set up a webpage to help switch custo…"
"64",-3,"such a massive bad decision you have just damaged your brand so badly by caving in to them"
"65",0,"imho given the public hammering is taking any ceo worth their salt is going to think twice about making the same mistake"
"66",0,"telco s like rip the australian people off especially with the amount of credit data given to pre paid customers"
"67",1,"interesting understands your business needs but not your sexuality 
i don t get it"
"68",0,"please come back and fix"
"69",2,"today s thanks for support goes to amp you re golden u u fe f"
"70",-1,"so tried to blame on but with that recovery time we agreed that was inconceivable"
"71",0,"my open letter to"
"72",0,"and are the catholic churches lap dogs"
"73",0,"what a load of bs we support equality but we equally support intolerance"
"74",0,"retreats from a campaign pushing for same sex marriage after pressure from the catholic church"
"75",1,"what about you do you support marriage equality unlike your competitor i need to move asap"
"76",-1,"we tried to sign up a k contract this week and they were disinterested ahh yes big govt contracts go"
"77",-3,"ceo tries desperately and unsuccessfully to back pedal on pr disaster"
"78",-1,"you re such an embarrassment i ll be shopping for a new carrier asap ed u a u bd ed u b u ed u a u bd ed u b u ed u a u bc ed u bf u bb ed u a u bd ed u b u ed u a u bc ed u bf u bc ed u a u bd ed u b u ed u a u bc ed u bf u bf"
"79",2,"we support but we arent going to tell anyone we do 
so to keep the airways clear for bigots 
 https …"
"80",0,"guess the disco phone booths during mardi gras were a selfless act and not a pink washing brand exercise https …"
"81",-1,"telstra losing its thodey mojo to reawaken old memories"
"82",0,"ask lh can i get out of my contract for"
"83",0,"has found a way to travel back to"
"84",-1,"grave concern"
"85",0,"short video regarding my thoughts on and"
"86",0,"shame on you thank god i m with"
"87",-1,"hi my view aust should be dictatorship hope you re allowing room for my diverse ignorant view"
"88",2,"with amp supporting i wonder where the were planning to take their bu…"
"89",0,"an exercise in what not to do with your corporate social responsibility policy"
"90",0,"catholic church silences on same sex marriage https…"
"91",2,"you won t support same sex equality but support the catholic church who try to cover up their perverted child molesting priests"
"92",0,"your holiness are you aware of this"
"93",0,"backs away"
"94",0,"so how many of you pitchforkers cancelled your services today sounds of crickets"
"95",0,"swap with gender equality or racial equality and see how it sounds"
"96",1,"good bye i will be taking my business elsewhere"
"97",-2,"denies backflip is ssm we call bullshit you ve caved in on decency and equity for profit slow hand clap"
"98",2,"supporting equality due to values amp ideals consistent with that cause not to increase custom"
"99",0,"bows to church purse solution switch to amp stop sending kids to catholic schools same sex ads"
"100",0,"australia where a major telecommunications company is controlled by vatican decrees …"
"101",0,"broadband users locked out of hundreds of websites"
"102",-1,"unlikely story from time for some back peddling"
"103",2,"we support but we arent going to tell anyone we do 
so to keep the airways clear for bigots"
"104",0,"the tax free church bullying"
"105",0,"we re live in 
tune into w here"
"106",0,"i d say the bigger pr issue for that it maintains significant commercial ties with a body that covered up the sexua…"
"107",-2,"catholic church forces to backflip on a pro lgbt advert what the fuck this must be a joke"
"108",2,"with amp supporting i wonder where the were planning to take their business"
"109",0,"it is alleged andrew let s not come to conclusions shall we"
"110",-1,"the church s weakening grip over and taxes"
"111",1,"out of respect for opinions we disagree with we will remain silent and let them speak instead 
 

 money
 or whatever"
"112",1,"i predict will end up giving give free data to samesex marriage supporters this sunday"
"113",-1,"telecom giant withdraws support for gay marriage after boycott threat from church"
"114",-1,"a sorry tale of dealing with ’s ‘customer"
"115",0,"we are committed to diversity and equality but only if it benefits our hip pockets otherwise fuck that"
"116",3,"the catholic church 
pinnacle of morality 
covered up child abuse
tells they can t support marriage equality"
"117",-1,"s next regressive policy those found in arrears will now be stoned"
"118",0,"who is advising these people did tony abbott and turnbull start a marketing agency and sell their services to"
"119",0,"fix my services"
"120",-2,"standing by silently consent to what you fail to oppose would you tolerate apartheid too"
"121",0,"folds like cheap suit"
"122",0,"absolutely weak response doesn t want to be a leader like disney salesforce paypal"
"123",-2,"tone deaf platitudes accepting all views especially intolerant ones isn t diversity terrible response"
"124",1,"so it s fine for s coverage to be out but not anyone wanting to get married"
"125",0,"choose to abide by sharia law sponsored by catholic church if you can t beat em you join em they said
 …"
"126",-2,"hey how about dropping the catholic church for their inaction on child abuse"
"127",0,"a relevant point"
"128",-2,"nope not going to buy into that crap 

as i said last night did the deal with the devil over this"
"129",1,"ceo we support it just staying out of it 

bruce springsteen screw the money i have principles 

note the difference"
"130",-1,"so rick norton tell me again why is racism different from homophobia"
"131",1,"is it super bizarre to anyone else that have been silent on sm about acrobatics"
"132",2,"done right thing and pulled out of gay marriage campaign not your turf stick to giving customers free data ev…"
"133",-1,"down again u curse of elop"
"134",1,"there s more important news than"
"135",-1,"apparently archbishops think they have the authority to summon a person on a whim bizarre https …"
"136",0,"will you be switching providers"
"137",0,"are you going to slog me with charges for moving to a more inclusive and equitable broadband provider"
"138",0,"not that i ve seen think people just using"
"139",-1,"apparently archbishops think they have the authority to summon a person on a whim bizarre"
"140",0,"caves in to the catholic church on same sex marriage"
"141",0,"did it"
"142",0,"social media users slam following accusations the telco withdrew support from https t…"
"143",0,"today s"
"144",-1,"excuse me gays is there a hashtag for this backflip"
"145",0,"i finally have it brainwashing"
"146",0,"origin energy sydney airport amp tatts results wrap"
"147",0,"careful who you get into bed with"
"148",1,"cash in transit security service australia wide thanks champ"
"149",2,"this is me normal at work to the right is who for weeks have still not fixed our internet ed u a u bd ed u b u a ed u a u bd ed u b u"
"150",0,"the network without equality da du da du da du du"
"151",1,"australian telecom stood up for traditional marriage and is getting pounded by the take a minute to thank them"
"152",0,"i support and boycott"
"153",-1,"sack george pell release files held at vatican crimes against australian children https…"
"154",1,"backs out supporting marriage pressure from flipboard"
"155",0,"hoping that today is the day that we get internet connected after months ed u a u bd ed u b u a"
"156",0,"’s ‘out of touch’ advice"
"157",1,"what if all providers supported ending discrimination towards lgbti people that would strip the churches of their leverage …"
"158",-1,"very telling bad move"
"159",-1,"i disagree when ppl say all corporates pinkwash but is a prime example of pinkwashing"
"160",-1,"bizarre thing is all the major ones in aus do could have called their bluff"
"161",-1,"learns hard lessons after withdrawing from marriage debate"
"162",1,"will be left with one customer catholic archdiocese of sydney the others are cheaper anyway"
"163",-1,"research shows businesses are punished severely for doing the wrong thing says listen"
"164",-1,"how the hell did get the contract for the pope s hotline to god in the first place"
"165",1,"what if all providers supported ending discrimination towards lgbti people that would strip the churches of their leverage"
"166",2,"well it s really cool have thrown in their lot with the largest enabler of pedophiles worldwide the catholic c…"
"167",1,"wisely has stepped back from paying ransom to on"
"168",1,"i have to wonder why i stay or should i change to pm yesterday to am today and no internet"
"169",1,"hi renee why has bowed to homophobic pressure from the to withdraw support for"
"170",1,"supporting tax exempt organisations that have protected child molesters for decades it s how connects"
"171",0,"lesson of the experience establish your brand values stick to them"
"172",1,"it took multiple network meltdowns for my phone to have better reception inside my house"
"173",0,"hateful removes support for marriage due to pressure from https …"
"174",0,"for with"
"175",-1,"shame on you for allowing religious bigots to sway you"
"176",0,"hit by customer backlash over marriage equality position telstra custom"
"177",0,"amazin etc even listen catholic church in aust
theyr not large in numbers
theyr hiders of child rapists amp lecture us"
"178",2,"sorry but i do not support companies who support bigoted views or support ant vine by"
"179",-1,"it s about time that loudly stated that they will not stand by and have their hard earned dollars be used ag…"
"180",0,"community uses pressure tactics to influence organisations seen as advocacy do the same seen as …"
"181",-2,"the have just announced a spring offensive yet twitter is alarmed by acknowledging its cu…"
"182",-2,"pathetic your loss more ppl at mardi gras than filling churches lily livered sops to profit i ll remember this"
"183",0,"jumping to the tune of catholic church against the lgbt community"
"184",-3,"if only threatening to pull contracts from was the worst thing the catholic church has ever done sadly not"
"185",0,"shame for caving to catholic church amp withdrawing support for …"
"186",1,"ok no more for me u a u fe f telstra caves to pressure from catholic church pulls marriage equality support"
"187",0,"the next step is to ban women anyone taking contraceptives divorcees and those who have had an abortion …"
"188",0,"telstra mobile prepaid discussion part"
"189",0,"will have mbps g in australia this year"
"190",0,"social media users angry as ’s free data day"
"191",0,"disgusting effort by amp proving once again that the almighty always trumps ethics and integrity"
"192",1,"not actively supporting same sex marriage is part of their latest push to reduce instances of being engaged …"
"193",0,"everything will be ok if the gays can wed we in ireland have been there done that amp we are way more catholic than you l…"
"194",0,"everything will be ok if the gays can wed we in ireland have been there done that amp we are way more catholic than you ll ever be"
"195",0,"encore is next tonight amp talk amp"
"196",1,"not actively supporting same sex marriage is part of their latest push to reduce instances of being engaged"
"197",-1,"typical church living in the dark ages as if millennials actually make phone calls anymore ed u a u bd ed u b u bye felicia"
"198",0,"the next step is to ban women anyone taking contraceptives divorcees and those who have had an abortion"
"199",1,"will still provide customer support to married gays"
"200",-1,"shits me that the catholic church has a say in anything you suck"
"201",3,"defeated by the all mighty catholic church like they have a great business record pay no tax and ignore child a use"
"202",-1,"pathetic"
"203",-4,"i am disgusted the catholic church wrote to threatening to boycott their services 
appalled caved in"
"204",1,"thank you and for the the end tickets"
"205",-1,"another depressing day to be gay in australia"
"206",-3,"blackmail all power corrupts absolute power corrupts absolutely"
"207",-1,"thanks for nothing absolutely appalled"
"208",1,"also it s not anti lgbt to support all sides in the debate just as has done"
"209",-1,"sack george pell release files held at vatican crimes against australian children"
"210",0,"would you rather be boycotted by a niche band of bigots or the significantly larger public who now see you as cowa…"
"211",-1,"if only catholic church focused their time on stopping child abuse instead of bullying corporations like over"
"212",0,"as a public body has decided its role is not to express views on our private lives besides the church already ha…"
"213",1,"take economic leverage somewhere that respects all dese…"
"214",2,"take economic leverage somewhere that respects all deserve better"
"215",1,"back to copper wire with no nbn or fast internet now no equality"
"216",1,"removed its support for same sex marriage allegedly due to pressure from the catholic church"
"217",-1,"all companies should follow example in declining to bow to demands for to promote amp fund"
"218",1,"i wonder the data count for the exodus from due to this eh"
"219",-1,"businesses should be refusing to deal with the catholic church not the other way around"
"220",0,"as a valued customer this decision has left me feeling devalued"
"221",2,"or encourage the other telcos to show some solidarity"
"222",0,"gay how marketers brands target the market"
"223",-1,"you have caved in to bullies"
"224",-1,"i m interested to know too in the same situation time to ditch and their unreliable network"
"225",-1,"prosecute cardinal george pell for all the cover ups in australia"
"226",1,"pulled its support for marriage equality pull your contracts"
"227",0,"george pell phone home there s a telstra technician cutting the videolink to rome"
"228",1,"i see can be intimidated by the church 

not impressed 

 for all please"
"229",1,"ohhhhhhh yeeeeeeeeeeeeeeees jim wallace let me rim you my tongue will give your anus a heavenly experience"
"230",1,"ohhhhhhhhhhh yeeeeeeeeeeeeeeeeeeees jim wallace my mouth is so hungry for your magnificent penis feed it"
"231",0,"would you pay a month to experience this"
"232",1,"ohhhhhhhhh yeeeeeeeeeeeeeeeeees jim wallace make my bobs jiggle around whilst i ride your magnificent penis"
"233",0,"mbit fiber and i cant even watch a fucking youtube video without buffering great internet you have there rolls eyes"
"234",-1,"the struggle is real coming up w something but i imagine it has to do with santorum"
"235",0,"what do we call when a corporation stops pinkwashing to appease christians beigewashing"
"236",-1,"shame that has hung up on supporting same sex marriage in australia"
"237",3,"with coverage as reliable as its support for equality will never be there when the going gets tough"
"238",0,"u u u u withdraws from debate allegedly due to church pressure"
"239",0,"the is an obscenity against all that is decent"
"240",0,"that s gr but all i get is a recoded message saying they are closed i m a biz owner amp need internet to earn"
"241",-1,"backflip tomorrow can t wait"
"242",0,"it’s time for 
this tweet was brought to you by wifi"
"243",0,"what s the go in glen iris vic re foxtel amp broadband neither working amp no answer on when we ll b connected"
"244",0,"catholic church archdiocese of sydney look up under"
"245",2,"well it s really cool have thrown in their lot with the largest enabler of pedophiles worldwide the catholic church"
"246",0,"backs off from hooray telstra s job is not to be a tool of crazy homosexual politics"
"247",0,"s next move will be to"
"248",2,"telstra really not having a good time of late glad i m not with them"
"249",1,"opts out of s hooray—reasonable consumers amp investors will applaud"
"250",-1,"if wants to avoid a boycott back flipping on probably isn t how to do it"
"251",0,"look the catholic church strong arms weak orgs like about equality but can t fix its own pedophile problem https …"
"252",0,"cut amp pasted from the usual rule book have another read of the tweets"
"253",1,"cloudflare s analysis on bandwidth costs in australia doesn t paint a great picture of"
"254",1,"is right decent people might well boycott companies backing mad aims of like pervert"
"255",-1,"how can you help me my gay friends amp allies move our accounts from after its debacle today"
"256",1,"backtracks on good companies should avoid or be boycotted if they back"
"257",0,"this is why i m inclined to think that"
"258",-1,"hello hello catholic church powerbrokers of sydney … i think you may have a bad line wendy tuohy"
"259",1,"i will be contacting the archdiocese of sydney to explain my sudden interest in organising to remove their tax free statu…"
"260",1,"first bridges then badger businesses into withdrawing support for equality apparently"
"261",-1,"an absolute disgrace"
"262",1,"go back to being a telco and get that right"
"263",-1,"totally disappointed in for not standing up to the australia would have stood behind you"
"264",2,"thank a brand that supports just tag amp the brand not u thanks u u fe f https…"
"265",0,"and i have no plans on recontracting my service"
"266",0,"thanks for the incentive for me to find another provider"
"267",-1,"hey dig up stupid"
"268",0,"can t do graphics on my mobile but you get the gist l u d l"
"269",-1,"just trying to take the emphasis off their lousy service"
"270",1,"why investors should not support telstra amp s global expansion"
"271",1,"happy to be an optus customer for the first time in about years lol"
"272",-1,"ed u a u bd ed u b u braddon telstra building evacuated after gas smell detected"
"273",0,"manalto ltd signs distribution deal with telstra"
"274",1,"withdraws support for in australia"
"275",0,"in the southern us companies are pulling out because of anti equality leg in oz is pulling out of equality"
"276",-2,"so disappointed shame on u"
"277",1,"lol why does need opinions on things it s not like maccas is against same sex marriage telstra just didn t need to comment"
"278",1,"this was the platform to support fundamental rights"
"279",-1,"what a disgraceful company is this is and not the s"
"280",1,"free movies amp tv shows"
"281",1,"so has aligned itself with child sex abusers amp rapists charming ed u a u bd ed u b u e"
"282",0,"who within the corporation thought hey you know what s good for business discrimination …"
"283",-1,"left awful ages ago but i m jealous of those who get to withdraw support from them now"
"284",0,"telstra withdraws from…"
"285",1,"i m assuming the community will be getting free data on sunday"
"286",2,"sorry but i do not support companies who support bigoted views or support anti"
"287",0,"australia where a major telecommunications company is controlled by vatican decrees"
"288",1,"hey after years i just switched to if ur going to be silent about my equal rights you don t get…"
"289",-1,"telstra s epic fail
not the fear of god but the
fear of catholics

ian row"
"290",-1,"a very bad business decision and one that could see supporters of boycot your services https …"
"291",0,"who even uses telstra anymore"
"292",0,"o kosmos greek newspaper features my images from last weekend"
"293",0,"ed u a u bd ed u b u a manalto ltd signs distribution deal with telstra"
"294",0,"ed u a u bd ed u b u b telstra appoints ex amp boss craig dunn as director"
"295",1,"ed u a u bd ed u b u why investors should not support telstra amp s global expansion"
"296",2,"wow after years of loyal service you have finally given me a reason to look elsewhere for all my services"
"297",-1,"hey gang are u guys doing a story on and their withdrawal on marriage tonight been waiting all day haha"
"298",0,"next data free day customers should bulk download brokeback mountain in protest of their spineless telco"
"299",0,"is"
"300",1,"has withdrawn its support to after being blackmailed by and the catholic church"
"301",2,"thank a brand that supports just tag amp the brand not u thanks u u fe f"
"302",0,"telstra gives in to roman catholic church blackmail over but is better"
"303",-3,"dear if you want to avoid controversial issues consider cutting your commercial ties w an institution that covers up child rape ed u a u bd ed u b u"
"304",2,"i m having a to thank all brands that support bad luck none for you"
"305",2,"what if the alp wins the next election or lnp cancel the plebiscite you still going to abandon your support for equality"
"306",0,"not sure of the relationship between the church amp cath ed though if church doesn t own the schools though …"
"307",1,"not happy jan"
"308",-1,"shame on you for bowing to the catholic church"
"309",0,"not sure of the relationship between the church amp cath ed though if church doesn t own the schools though equality"
"310",0,"bends over for the church the same church that hides pedophiles"
"311",1,"new telstra bonds benefit from ecb buying programme"
"312",0,"wow disappoints multiple times with its service and now with its morals around"
"313",0,"it s about time the govt funded bigots in the catholic church stayed paying taxes if they want to state dictating public policy"
"314",0,"thinks support for gay marriage is ideology f k you the only ideology is coming from hateful christians htt…"
"315",1,"hey after years i just switched to if ur going to be silent about my equal rights you don t get my pink"
"316",0,"i know everyone s crapping on rn but this really does look like a threatened secondary boycott to me"
"317",1,"after s removal of gay marriage support amp could set up a webpage to help switch customers over to them"
"318",-1,"hell hath no fury like a customer not under contract"
"319",-2,"shame on you your marriage equality support is as unreliable as your shit services"
"320",0,"tech leaders in australia vs tech leaders in america on"
"321",0,"it s"
"322",2,"congratulations great decision"
"323",-1,"strange stance on for a tax payer funded and tax exempt corporation maybe we need to change that"
"324",-2,"cancel it on that basis will have no choice which telco did you port from problem is alternative coverage crappy"
"325",0,"so disappointed with your change in position super low move"
"326",1,"mmmm point to note catholicism isn t a religion it s a denomination of the christian faith"
"327",0,"take economic leverage somewhere that respects all telco consumers do not need to tolerate corporate hate"
"328",1,"absolutely i wish i had never moved to a few weeks ago now have contract but won t renew"
"329",1,"wondering if you have a remark about as they re a member org how can we support internal staff"
"330",0,"choose to abide by sharia law sponsored by catholic church if you can t beat em you join em they said"
"331",0,"social media users slam following accusations the telco withdrew support from"
"332",1,"great deals are going at the moment with ed u a u bd ed u b u d ed u a u bd ed u b u d ed u a u bd ed u b u d"
"333",-1,"ceo tells staff its stance will be disappointing to some people"
"334",0,"my god would have thrown out of the temple by now"
"335",0,"telstra biggest cop out eva"
"336",0,"nothing surprises me anymore with what the will do to get their point across"
"337",0,"abide by sharia law 
the new australia sponsored by the catholic church you can t beat em you join em"
"338",0,"no bull i recently upgraded from local isp adam internet to the adsl signal so bad i have to turn of mobile to surf net laptop"
"339",1,"why don t you tell the australian the catholic church that better still tell them to go procreate with themselves"
"340",1,"hey your backdown re nicely reminded me that i m out of contract hello can i switc…"
"341",-1,"nobody is refusing to recognise catholic marriage that i am aware so not sure your point"
"342",1,"hey your backdown re nicely reminded me that i m out of contract hello can i switch tomorrow"
"343",0,"poke poke are you listening"
"344",-1,"marriage equality is a human rights issue not another marketing gimmick to support intermittently don t be bullied …"
"345",1,"i will be contacting the archdiocese of sydney to explain my sudden interest in organising to remove their tax free status"
"346",-2,"i d actually say a complete brand and policy fail but internal comms definitely failed too"
"347",-1,"shame on i am disgusted to be contracted with you right now"
"348",0,"that would be nice my cancellation fee is on a bring your own sim plan"
"349",0,"why does this come up when attempting but i can this"
"350",1,"opponents to ssm claim there is a strategic political amp well funded campaign to change the marriage act pretending they…"
"351",0,"bad things happen when good people do nothing"
"352",-1,"might be time to adjust your webpage you gutless pricks"
"353",0,"true which is why should acknowledge all definitions of marriage and not one against all others that is"
"354",-2,"has gone crazy again browser showed me ur credit expired or sim not activated which was fixed after going to flight mode amp back"
"355",-1,"i see the church can t find any way other than threats amp blackmail to force companies to back down on supporting equal marriage"
"356",-1,"they are so bad at pr i would not be surprised if they did"
"357",0,"linked to earlier pressure from"
"358",0,"thinks support for gay marriage is ideology f k you the only ideology is coming from hateful christians"
"359",0,"i m not with but if i was i wouldn t be"
"360",0,"i ll be exercising my consumer choice and boycotting"
"361",-1,"its time us atheists got together amp demanded a boycott of any company that gives in to religious lobby groups"
"362",0,"telstra not supporting gay marriage is just pathetic bye bye ed u a u bd ed u b u ed u a u bc ed u bf u bc"
"363",1,"so were csr box ticking amp chasing the pink if they d supported pedos the cathchurch mightn t have objected"
"364",0,"isn t it funny how the account services page is always on the blink but the part where you give them money is always available"
"365",0,"you re a fuckwit of a ceo resign now ht…"
"366",1,"won t sell me a male to male wall socket"
"367",-1,"for a moderate decision is attacked by rabid gays and their loutish supporters typical"
"368",1,"doesn t want this gay money so i don t have to pay my bills right"
"369",0,"transcript of service earlier today 
 in the name of the father the son and amen"
"370",1,"since i m gay and telstra doesn t like gays can i get out of my contract early"
"371",1,"owes the australia lgbt community a with an honest apology and a walk back on its decision"
"372",0,"i m going to have a lot of gay phone calls and gay internet time until my contract runs out and i can change carrier"
"373",0,"in times of crisis brief your cm s amp teams properly"
"374",1,"you would think would be proud to fight for the rights of their workers and customers"
"375",-4,"what a shame giving in lgbt hate emanating from christian terrorists is shameful u lost me an lgbt customer"
"376",1,"imagine the salesforce account mentions in hyper drive today they ve turned on us let s give another free da…"
"377",0,"ed u a u bd ed u b u catholic church forces telstra into same sex marriage ad flip"
"378",0,"ed u a u bd ed u b u bf accc gets its wires crossed over telstra amp s involvement with the"
"379",1,"ed u a u bd ed u b u b why investors should not support telstra amp s global expansion"
"380",-1,"braddon telstra building evacuated after gas smell detected"
"381",1,"be like"
"382",0,"ohhhhhhhhhh yeeeeeeeeeeeeeeeeeees jim wallace finger fuck me til my pussy squirts in orgasmic pleasure"
"383",-1,"the archdiocese of sydney has released a statement on the controversy"
"384",-1,"in the abuse of their customers and the catholic church are kindred spirits"
"385",0,"would you rather be boycotted by a niche band of bigots or the significantly larger public who now see you as cowards you choose"
"386",-1,"marriage equality is a human rights issue not another marketing gimmick to support intermittently don t be bullied take a stand"
"387",1,"ohhhhhhhhhhhh yeeeeeeeeeeeeeeeeeeees jim wallace make my hot pussy moist with your tongue"
"388",1,"ohhhhhhhhhhhh yeeeeeeeeeeeeeeeeeeees jim wallace moisturise my face moisturise my face with your hot sperm"
"389",0,"it s a sad day to be gay apparently corporate greed is more important than equality and our happiness gutted thanks …"
"390",1,"ohhhhhhhhhhh yeeeeeeeeeeeeeeeeeeees jim wallace piss on my boobs let my tits feel the warmth of your urine"
"391",1,"has it been a great few weeks for blackouts and backouts"
"392",0,"so apparently the only thing that s ok to be out is telstra s mobile coverage"
"393",0,"how many catholics does it take to screw up a companies pr"
"394",2,"so supports less than it supports an organisation that hides by its clergy how is tha…"
"395",1,"can take their homophobic views and shove them up the catholic church s where the sun don t shine"
"396",0,"the institution that protects known paedophiles has no place in moralising or setting the public agenda"
"397",-1,"a case study in how not to manage a comms crisis at"
"398",0,"it s a sad day to be gay apparently corporate greed is more important than equality and our happiness gutted thanks u c ed u a u bc ed u bf u bc u fe f"
"399",1,"improve your service in this day amp age we can live without water not internet same day service turns into days in hrs"
"400",1,"you are officially famous richy"
"401",1,"interestingly if the catholic church was to leave telstra it’s not clear where they would go"
"402",0,"how many catholics does it take to save a corporation from bankruptcy"
"403",0,"the only thing coming out of s closet is it s service"
"404",0,"is soooo gay"
"405",0,"backlash over same sex marriage 
 has sparked a backlash on s"
"406",0,"ceo understands its move away from explicit support may be “disappointing” 
how is this not change"
"407",0,"ed u a u bd ed u b u ae accc gets its wires crossed over telstra amp s involvement with the"
"408",-2,"shame on you telstra shame on you this is grow up"
"409",1,"removed its support for same sex marriage allegedly due to church pressure"
"410",0,"where the only gay sex tolerated will be between the catholic church amp its victims"
"411",0,"you re a fuckwit of a ceo resign now"
"412",-1,"as if we needed another reason to be disappointed in"
"413",0,"tfw your pr game is weak as fuck like your backbone"
"414",0,"what is happening with the outage in carnegie how long before it s working"
"415",0,"things that are out dated telstra s stance on marriage the nbn and my fashion sense"
"416",1,"by withdrawing support you are automatically siding with anti marriage equality"
"417",0,"it s not the role of companies to drive public debate says have you told the miners and the banks"
"418",3,"hey do you support i m kinda happy i chose the better provider"
"419",1,"from same letterto others who support from same man church lashes same sex backers"
"420",-1,"has the catholic church sent the same threatening letter to banks to stop them lending to gays yet"
"421",0,"digs deeper into its hole in same sex ad flip"
"422",0,"i ve done a flip on paying my bill this month as i don t agree with their latest decision"
"423",2,"releases statement confirming no support for same sex marriage out of respect"
"424",1,"bringing up more advocates"
"425",-1,"yo 
you ve lost a life long customer due to your failure to stick up for what s right and what s needed"
"426",2,"no further plans to be active in the debate support is support especially if it was official before"
"427",0,"got a new slogan for it s how we screw you"
"428",-1,"thankfully i m not with so i don t have to leave them for allowing the catholic church to bully and control them"
"429",1,"so which telco supports 
i ll be going with that one 
 you gobshites"
"430",0,"so we can have same sex relationships but not marriage"
"431",1,"hey how much was the catholic account worth would be interesting to know how much a stance against prejudice costs"
"432",0,"thanks for another reason to cut ties with you"
"433",-1,"and marriage equality when the bandwagon loses a wheel"
"434",-1,"man is backwards as fuck"
"435",0,"flippy floppy"
"436",0,"straight people who use phone amp internet want too"
"437",0,"will offer cheaper rates to the catholic church amp paedophiles nationwide now cos they ve sure lost a load of customers today"
"438",1,"can imagine the bundle package the catholic church got dat free month of foxtel tho"
"439",0,"how long before they pressure the banks not to loan to gay people"
"440",-1,"australia’s billion contract raises competition concerns"
"441",0,"the f ck"
"442",0,"of course you know this means war"
"443",-2,"has abandoned its lgbti employees on the issue of goodbye you are gutless homophobes"
"444",1,"fortunately appalling service had already turned me off them their homophobia just affirms it was the right choice"
"445",-2,"dumb you ll regret your decision to p off the whole gay community hopefully a majority of your customers will g…"
"446",-2,"shame on and the catholic bullys all of my familys telstra accounts will be cancelled this week im disgusted…"
"447",2,"isn t getting any business with me after this stunt with the catholics 

i won t support a business that supports a…"
"448",0,"will amp not retreat your public support for 
show they should do it"
"449",1,"all i m getting in my feeds is and it s not pretty"
"450",0,"apologies if anyone was offended by that last tweet i m pissed off at the moment along with many other people over"
"451",1,"catholic church blackmails telstra to ditch support for marriage equality"
"452",0,"retreating on support harms amp empowers"
"453",3,"so supports less than it supports an organisation that hides by its clergy how is that right"
"454",-2,"mr digges undoubtedly many of the catholic population of sydney would be horrified by mr digges bullying tactics"
"455",1,"defeated by love but i ll crush you with words and watch your corpse dissipate into the winds of nothingness"
"456",-2,"clinging onto what power you have is slowly being pried off your pseudo reality is dying you ll ultimately be"
"457",-3,"religion is a neurological disorder society s accepted mental illness your anorexic claw that s desperately"
"458",0,"your choices and actions reflect the kind of rotting soul that decays within your husk"
"459",-3,"fail for caving into those bigoted cunts with their persecution complex the catholic church how christ like"
"460",0,"hateful removes support for marriage due to pressure from"
"461",0,"i cant believe that telstra took catholic hierarchy seriously most catholics think they are re…"
"462",2,"isn t getting any business with me after this stunt with the catholics 

i won t support a business that supports anti"
"463",1,"lol no no my point was how could know s a r c a s m good confession from being a saint remember"
"464",-2,"shame on and the catholic bullys all of my familys telstra accounts will be cancelled this week im disgusted"
"465",-1,"u have elevated yourself decide who is a true catholic it s your sort of jesus hates"
"466",-1,"lmaoooooo oh the burn ed u a u bd ed u b u a ed u a u bd ed u b u a ed u a u bd ed u b u a"
"467",0,"wish would fix feckin broadband that quickly toady"
"468",0,"telstra signs b deal to move hfc users to nbn"
"469",-1,"if you are neutral in situations of injustice you have chosen the side of the oppressor"
"470",-1,"i cant believe that telstra took catholic hierarchy seriously most catholics think they are reactionary jokes"
"471",-3,"poor form we re supposed to stand up to bullies and not to cave to peer pressure"
"472",0,"child rapists direct the course of business over my never connected body"
"473",0,"are reporting outages of integrity all across their network"
"474",1,"wonder if the flys their ceo is gay"
"475",1,"imagine the salesforce account mentions in hyper drive today they ve turned on us let s give another free data day ok"
"476",0,"was never a good agenda for to be on should have just shut up amp be neutral promo dept failure"
"477",-2,"dumb you ll regret your decision to p off the whole gay community hopefully a majority of your customers will give you the flick"
"478",-1,"we re against discrimination but we re not going to say so because the catholics might hurt our profits not the best slogan"
"479",-2,"gives in to the catholic church s bullying on after it threatened to dump the telco"
"480",0,"shit has forgotten how many gays work for them the catholic church must be really cupping their balls"
"481",1,"telstra withdraws support for same sex marriage pressure from catholic church"
"482",0,"i am a catholic how does this action acknowledge me as a customer"
"483",1,"excellent"
"484",-1,"very bad business decision is right is on the wrong side of history here"
"485",0,"when is just out of reach"
"486",-1,"feeling sorry for the social team at pretty hard to make a comeback after pissing off the entire gay communit…"
"487",-1,"dear telstra please sort your shit out as well as your shit internet thanks"
"488",1,"this marriage equality backdown thing seems like it could be a bit of a beat up thoughts"
"489",1,"kicking own goals as if it were the captain of the under s back in well in"
"490",0,"telstra withdraws from marriage equality debate…"
"491",-1,"a very bad business decision and one that could see supporters of boycot your services"
"492",0,"proudly say my phone service is with virgin"
"493",-4,"this whole ordeal reminds me of one thing how fucking ruthless and evil the catholic church can be"
"494",1,"my take on s withdrawal from actively promoting support for same sex marriage"
"495",-1,"feeling sorry for the social team at pretty hard to make a comeback after pissing off the entire gay community"
"496",0,"the community doesn t give a g about hello"
"497",-2,"the have just announced a spring offensive yet twitter is alarmed by acknowledging its customers"
"498",-1,"weak as piss it seems your commitment to equality is as unreliable as your service of late"
"499",1,"i support equality and i will take my business elsewhere if you don t"
"500",0,"gets pwned by the and then their mail servers go down coincidence"
"501",0,"corporate playbook

chapter in or out 

 coverage allowed to be out 
 homosexuals not allowed to be out"
"502",0,"withdraws from equality debate allegedly due to pressure"
"503",-1,"i could threaten to disconnect from except i did months ago when i got my fttp"
"504",-1,"your cowardice on the issue of"
"505",-1,"can deal with service outages but i can t deal with this so disappointed"
"506",1,"again again again again the crap this morning is why we shouldn t praise corporates for appearing to support…"
"507",0,"but it s ok to discriminate against people because of their sexuality well done"
"508",0,"exclusive shots of the last board meeting"
"509",1,"opponents to ssm claim there is a strategic political amp well funded campaign to change the marriage act pretending they don t"
"510",1,"supports the people who believe a woman was a virgin when she got knocked up by someone else who wasn t her husband"
"511",0,"it s like forgot how to ally and the church didn t even have to show the instruments of torture"
"512",0,"do you really need australia’s largest lte network to communicate with god ed u a u be ed u b u"
"513",0,"you are a disgrace threatens withdraw its contract with if they continue to support"
"514",1,"removed its support for same sex marriage allegedly due to pressure from the"
"515",-1,"hey guys if you re currently with consider a change for one thing they kind of suck for another"
"516",-1,"look more sheep jumping on the bandwagon media rules the weak of mind it seems"
"517",-2,"corporations have an undue influence on politics 
 corporation doesn t involve itself in politics 
 it s appalling"
"518",2,"looks like you ll be keeping my business for a while thanks to withdrawing their support for"
"519",0,"i might go back to the catholic church this weekend to hear the sermon about multinationals overstepping their purpose"
"520",-1,"i ve made the move from to this pandering to a prehistoric organisation of tax free bigots is just the latest problem"
"521",0,"position hasn t changed we re just hiding it now so catholics keep lining our pockets"
"522",-1,"i call bullshit"
"523",-2,"i didnt another reason to change from you re on the wrong side of history fuck you"
"524",-1,"what s more twisted the church blackmailing brands or brands capitulating"
"525",-1,"your stance on equality is confused do you need to talk to someone"
"526",1,"telstra just told a customer that support for gay marriage is ideology"
"527",0,"maybe could give lgbt s a data free day to say sorry"
"528",0,"australia lags in communications let alone outs at a business lunch at a good melbourne cbd restaurant without wifi"
"529",0,"hey come get my business thanks to s stance on"
"530",0,"no pink dollar without pink representation"
"531",0,"over humanity spineless"
"532",-1,"if only had the balls to call their bluff then deny use of infrastructure until church pays tax"
"533",0,"as a public body has decided its role is not to express views on our private lives besides the church already has that covered"
"534",1,"another good reason not to use letting decide social policy"
"535",1,"thanks respecting the cath church defending traditional values as a high value cust youhave my loyalty"
"536",2,"done right thing and pulled out of gay marriage campaign not your turf stick to giving customers free data every other sunday"
"537",0,"oh dear it seems that"
"538",0,"withdraws from debate allegedly due to church pressure"
"539",-1,"when you stand by and do nothing you are saying it s ok to discriminate"
"540",-2,"dear the old man used to have a standard response to the church s bullying tell the micks to go fuck themselves"
"541",0,"hi im a customer and want to move to you as are homophobic pricks what deals do you have for me"
"542",-4,"catholic church is a haven for bigotry hate vile inequalities time for religion to go"
"543",-1,"also so wrong in the catholic church debacle they ve used children s education as black mail all you catholics must be so proud"
"544",0,"i wish i had something with telstra so i could cancel"
"545",0,"why is it still legal to be homophonic support bigotry against lgbt people if this were about race you d be in gaol"
"546",1,"there s never been a more exciting time to be an arsehole"
"547",-1,"so u were assured by the person i m complaining about that i have nothing to complain about hilarious"
"548",0,"don t sell out to now"
"549",0,"so now the catholic church gets choosy as to what they pull out of"
"550",-1,"telstra bows to catholic church’s threat 
 on the catholic church and 
 
https t…"
"551",-1,"telstra bows to catholic church’s threat 
 on the catholic church and"
"552",1,"the perfect couple"
"553",0,"if you bow to the church we ll take our business to or probably"
"554",-1,"either you re pro equality or pro child abuse take your pick"
"555",0,"sol would never have put up with this ed u a u bd ed u b u"
"556",0,"withdraws their support for the lgbti community because they don t want to upset the church time for a change i think"
"557",0,"i m switching provider"
"558",-1,"this is a serious fuck you to every gay patron you may have or could of had"
"559",-1,"i m sorry i cannot support a company that bows to pedophile sympathizers such as the expect my cancellation soon"
"560",0,"allegedly withdraws from marriage equality debate under church…"
"561",3,"hey telco fans r u locked into a contract for a service that barely works 
welcome to it s how we con"
"562",-1,"community uses pressure tactics to influence organisations seen as advocacy do the same seen as bullying"
"563",-1,"backflip on is worse than their customer service and that is really saying something"
"564",0,"you are a disgrace threatens to withdraw its contract with if they continue to support"
"565",0,"allegedly withdraws from marriage equality debate under church pressure"
"566",2,"wonder how would feel if all of those who support pulled their contracts could back…"
"567",2,"wonder how would feel if all of those who support pulled their contracts could backfire bigtime"
"568",0,"will be there or are they otherwise engaged they re so disconnected"
"569",-1,"australian church threaten telco over"
"570",-1,"gutless"
"571",0,"who within the corporation thought hey you know what s good for business discrimination"
"572",-1,"you d think would be busy hiding their pedo friends to be worrying about preaching what s"
"573",2,"a weak position clearly shows that is not authentic in its support for marriage equality actions are how u are judged"
"574",1,"has pulled back on supporting after the catholic church threatened to cancel all contracts with the network"
"575",-1,"i d say the bigger pr issue for that it maintains significant commercial ties with a body that covered up the sexual abuse of kids"
"576",1,"to i ll be boycotting you as well to surcoming to the"
"577",0,"the ethics of boycotts"
"578",0,"maybe you bitches can offer another day of free data for this latest pr disaster rofl …"
"579",0,"it s how straight people connect"
"580",0,"that s a joke grow some balls and stand up for what you believe in and support"
"581",0,"now i know the real reason why couldn t take qantas back to australia"
"582",-1,"boycott telstra"
"583",1,"backs out of supporting gay marriage after pressure from catholic church"
"584",-1,"how about we organise a consumer boycott of for bowing to the medieval bigots and child abusers of the catholic church"
"585",1,"left due to their stance on internet filtering don t like what they are doing now considering doing same"
"586",0,"maybe you bitches can offer another day of free data for this latest pr disaster rofl"
"587",0,"is how straight people connect"
"588",-1,"who has better g coverage around melbourne or s reliability amp pricing have become conspicuously terrible"
"589",1,"why would an organisation that uses live sermons and prayer to communicate care about what a telephone company supports …"
"590",1,"why would an organisation that uses live sermons and prayer to communicate care about what a telephone company supports"
"591",0,"look the catholic church strong arms weak orgs like about equality but can t fix its own pedophile problem"
"592",1,"let them use prayer or upgrade to telepathy"
"593",-1,"you re a bunch of fucking cowards enjoy the pr disaster biatches lol"
"594",1,"turn off lights let them use prayer or upgrade to telepathy"
"595",2,"looks like gets in a deeper deeper hole every day well done andy we need back x"
"596",0,"guess the disco phone booths during mardi gras were a selfless act and not a pink washing brand exercise"
"597",1,"hey optus willing to sign me up a contract moving from for x mobile plans x home broadband a pay tv service"
"598",1,"i just can t get my head around this man up telstra has removed its support for same sex marriage"
"599",0,"turn off the lights on catholicism let them use prayer and dodo"
"600",-1,"it s about time that loudly stated that they will not stand by and have their hard earned dollars be used against them"
"601",-2,"your service sucks almost weeks without internet phones amp emails for our business ed u a u bd ed u b u a ed u a u bd ed u b u a ed u a u bd ed u b u a you re a complete disgrace"
"602",0,"allegedly withdraws from marriage equality debate under church pressure…"
"603",0,"are you linked with the catholic church bc i will be leaving with all my services if so"
"604",0,"wowwwww we re not political we re not an ideology we are people"
"605",0,"telstra allegedly withdraws from marriage equality debate…"
"606",0,"allegedly withdraws from debate under church pressure"
"607",0,"sl th telstra allegedly withdraws from marriage equality debate under…"
"608",1,"i wonder if s policy for bullying is staff shouldn t like it but also shouldn t say anything if they see it cuz awks ed u a u bd ed u b u"
"609",-2,"advocates cry foul when use tactics that activists themselves use to bully corporations"
"610",0,"why are you trending"
"611",-1,"catholic church m nbn boycott stick used to threaten amp others if they support"
"612",2,"if vodafone amp optus were smart they d pay out all contracts of lgbti telstra members and bring them to their support …"
"613",2,"if vodafone amp optus were smart they d pay out all contracts of lgbti telstra members and bring them to their support"
"614",1,"hey one of the reasons i m ok with a phone bill premium is your inclusive reputation what of that now"
"615",0,"u could almost be forgiven for thinking this isnt really the christian thing to do"
"616",1,"went in to to buy a male to male usb cable came out empty handed they no longer support that kind of connection"
"617",0,"oh my god 

 …"
"618",2,"looks like i have another reason to be glad i m not with telstra"
"619",1,"u a u fe f “ caves to pressure from church pulls marriage equality support”"
"620",1,"nominations are now open for the business women s awards"
"621",-1,"weak as piss"
"622",-1,"caves to church threats of boycott over marriage equality campaign good time for compassionate people to boycott both"
"623",0,"video video news com au sport cricket highlights"
"624",0,"telstra signs b nbn deal"
"625",0,"ed u a u bd ed u b u video video news com au sport cricket highlights"
"626",0,"ed u a u bd ed u b u b telstra continues renewal push with craig dunn joining board"
"627",-1,"then fuck"
"628",0,"holy fuck"
"629",2,"haven t been having a good year have they so glad i left them for optus"
"630",-1,"shame on bowing to pressure from the fascistic homophobic catholic church"
"631",0,"i told the man at vodafone that my most used app was instagram when it s actually grindr am i now"
"632",0,"till they turn the lights off on the homophobic catholic system"
"633",0,"catholic church gays r cute amp everything keep giving us ur coins cause money got no sexual orientation but ur unions hell no"
"634",1,"will be giving lgbti people a free data day due to their recent moral outage"
"635",-1,"breaking affected by a nation wide moral outage in its management network"
"636",-1,"apparently are able to resolve my month old complaint without reading any file notes about it"
"637",0,"s it gets better campaign video from is just all sorts of embarrassing now"
"638",0,"found spine i think it belongs to"
"639",0,"re baptising"
"640",0,"in same sex ad flip"
"641",1,"pulling support for may well be the dumbest and biggest social mistake you have ever made …"
"642",0,"corporate continues renewal push expands board with the appointment of former amp ceo craig dunn as a non executive director"
"643",0,"again again again again the crap this morning is why we shouldn t praise corporates for appearing to support issues we value"
"644",0,"bring on today"
"645",1,"pulling support for may well be the dumbest and biggest social mistake you have ever made"
"646",0,"former amp joining board"
"647",0,"gurrowa lab"
"648",0,"gurrowa lab telstra"
"649",1,"strides into sdn with vpns dynamic wans"
"650",0,"why is internet being so"
"651",0,"your rates are so cheap k and i get mb wow where do i sign up"
"652",-1,"why is the internet so slow"
"653",1,"great new data deal from telstra"
"654",1,"is being paid billion by the nbn to upgrade the network it sold to the nbn business insider"
"655",1,"many thanks again to australias leading rd world communications clusterfuck"
"656",0,"ahahahahahaha hahahaha haha hahahahahahaha ahahahahahaha hahaha hahhahahahah 

oh this is mbit btw"
"657",0,"check out my ookla speedtest result what s your speed"
"658",0,"looks like a premium sms style scam shrugs and points you to number to unsubscribe no website…"
"659",0,"telstra appoints ex amp boss as director"
"660",0,"it just rained here and my internet speed is dropping quality copper cabling"
"661",0,"australian govt chairman joins board"
"662",0,"thanks"
"663",0,"new perth singapore cable on its way"
"664",-1,"yr sorry then tweet to your k followers to alert everyone to check their bills for charges by …"
"665",-1,"telstra your customer service is appalling every time i have to deal with you"
"666",0,"no telstra"
"667",1,"i’m in the middle of nowhere but i still have a strong g connection this is why i choose"
"668",0,"pls see accc consumer harrasment calls a day about a bill i have paid is considerd harrasment"
"669",1,"someone forgot to turn on again this morning hardly enough coverage to send a tweet"
"670",-1,"’s billion contract raises competition concerns"
"671",0,"is on web"
"672",0,"will its of g at the"
"673",-1,"billion deal with nbn company raises fears with watchdog"
"674",0,"transforms its retail stores with"
"675",1,"wonder if the in from to liberals in one year has anything to do with policy"
"676",0,"telstra needs to pull their heads in and their socks up"
"677",1,"kung gusto mo mamatay maga philcare kunin mo"
"678",-1,"customers get no advance warning of no compensation offer no apology switching carrier soon"
"679",0,"got home and my broadband has finally been connected only weeks after moving in"
"680",-1,"i m still mad about see you later"
"681",-1,"you couldn t make this shit up gives b of taxpayer money to polish the hfc turd that we v…"
"682",-3,"breaking 
 amp sign new contract to guarantee slower speeds than fibre optics dumb expensive late 
 …"
"683",1,"acknowledge that in all my dealings only one employee up the line was officious all others were courteous amp helpful as poss"
"684",-1,"whatever happened was there a pay off somewhere or intimidation of some sort"
"685",0,"another day without reliable internet another day losing money"
"686",1,"blockbuster day of data sets new telstra mobile network record"
"687",0,"in the last months have you seen any advertising from"
"688",2,"a company that stops rereads
 
 a company that has a network that is fast enough for your needs"
"689",0,"b
for each statement please indicate the extent you agree with how that statement describes"
"690",0,"at least google knew what i meant"
"691",0,"why can i get reception in the middle of port phillip bay but not in my lounge room in werribee"
"692",-1,"deal raises competition concerns with"
"693",0,"have you ever had a technician visit your home
 
 all embarrassed about copper pit at bottom of street fill…"
"694",1,"how would you rate on each of the following 
 the accuracy of telstra s billing 
superb it finally proved my case"
"695",2,"how would you rate on each of the following 
ease of paying bills
 surprise got that one right"
"696",1,"is being paid billion by the to upgrade the network it sold to the"
"697",0,"have you ever had a technician visit your home
 
 all embarrassed about copper pit at bottom of street filled with water"
"698",1,"have you ever called for 
 like months ending with bbguarantee intervention"
"699",1,"pt scale 
how likely would you be to recommend to a friend or colleague"
"700",2,"love paying for gb love living on a farmmmmmm ed u a u bd ed u b u ed u a u bd ed u b u"
"701",-2,"there seems to be always a scandal at as their service keeps dropping out and is in shambles"
"702",-1,"telstra inks b nbn deal accc raises concerns"
"703",2,"found your press release fast affordable sooner"
"704",-1,"you couldn t make this shit up gives b of taxpayer money to polish the hfc turd that we ve already bought"
"705",0,"basically zero wifi for at least the rest of the day thanks ed u a u bd ed u b u a"
"706",0,"quelle surprise and hand their mates at another b for outdated coax https …"
"707",0,"talent helps vendor target s epidemic"
"708",0,"quelle surprise and hand their mates at another b for outdated coax"
"709",-3,"breaking 
 amp sign new contract to guarantee slower speeds than fibre optics dumb expensive late"
"710",0,"how to use telstra prepaid to pay for google play"
"711",0,"will s new deal simply mean stiffer competition within the market"
"712",-1,"s construction deal raises competition worries"
"713",1,"if only still public then all telcos could have equitable access to cu air internet cld b x all aus"
"714",0,"deal with national broadband network alarms regulator"
"715",1,"huge delivery agreement w for interesting political comment sure to follow"
"716",0,"why is my bill more after a week outage"
"717",0,"looks like might be having problems again account checking is down again"
"718",0,"being paid to fix telstra s network for nbn – again"
"719",-1,"sucks big time trying to do uni work and internet is slow and drops out every two minutes"
"720",-1,"ha you should try living in rural australia and having to struggle with when it s working ed u a u bd ed u b u ab ed u a u bd ed u b u a"
"721",1,"gives b to upgrade hfc cable network"
"722",0,"did someone at forget to turn on the coverage this morning hard to find enough to post a tweet"
"723",0,"how to turn a constructive morning into a frozen to do 
too often"
"724",1,"internet how do you free uo the market to competition words why did pull out"
"725",-1,"this john szaszvari kid gets a test day offer from for pretty much being a leech shows everything wrong with society"
"726",0,"kaya ipasok na ang para lamunin ng buhay ang"
"727",1,"i need you i need you i need you right now"
"728",-1,"get your shit together"
"729",0,"hey if i listen to a radio broadcast of the footy on the app is it unmetered on a pre paid mobile"
"730",-3,"something funny for your sunday night the dark ritual of line faults"
"731",0,"could you suggest"
"732",0,"australia is outpacing the in adoption"
"733",1,"why can t you ever be stable even for a single month is it too much to ask when i pay premium fee"
"734",2,"if i get mbps with telstra here in nth qld i get excited promised amp i m paying for adsl"
"735",1,"i see have changed their tune on the free data guy"
"736",0,"highpoint shopping…"
"737",2,"national treasure uses a terabyte of on s unlimited data day"
"738",2,"australia s best pirate aka free data guy gets a job offer involving more pirating from"
"739",-1,"speedtest result pay a premium and this the internet speed delivered by utter crap"
"740",1,"weeks since had modem for internet connection from telstra and nbn progress made after calls with tech team"
"741",0,"g lte coming to aldi mobile in may"
"742",0,"which australian mobile network are you with"
"743",-1,"thought was meant to better in regional areas moree nsw trying to watch the nrl terrible on but no issues"
"744",2,"‘free data guy’ who took to town with free downloads offered job he can t resist"
"745",0,"i know have transferred their calling centres overseas how come it takes a minimum of minutes b calls are answered"
"746",-3,"crickets chirp waiting for a response from is like waiting for hell to freeze over"
"747",0,"hating my internet so much right now days i can t record due to ping"
"748",1,"i m almost glad that my afl live pass isn t accessible fail"
"749",0,"i still don t have phone and internet"
"750",-1,"moved into our house over weeks ago and still no phone and still no date for installation this is why people hate"
"751",0,"rla gt"
"752",1,"telstra free data guy john szaszvari working for them"
"753",0,"mbps download just kms by road from where flew to launch new mobile tower ed u a u bd ed u b u a"
"754",0,"dammit my phone needs a bunch of app amp software updates again ed u a u bd ed u b u a time for another so we get another"
"755",0,"australia is outpacing the us in iot adoption telstra cto"
"756",-1,"i ll be watching on my phone amp don t disappoint today pleeeeeassse"
"757",0,"tb downloaded sydney man smashes record"
"758",0,"“technology is very very new first company in the entire world to do something with it"
"759",0,"’s “world first” offer to data download guy"
"760",0,"terrible mobile phone reception again i m down to one bar and where i live most of the time it s heaps better"
"761",0,"by"
"762",1,"did anyone else with notice a massive data usage on tuesday th april ie days after the “free data sunday” let me know thanks"
"763",0,"outage what s goin on"
"764",2,"check out my ookla speedtest result super fast cable broadband helpline please"
"765",0,"free data guy to test drive gbps modem despite admitting illegal downloads"
"766",0,"u b australia is outpacing the in adoption cto"
"767",0,"offers data guy a deal that could change the way australia uses the internet"
"768",0,"telstra done fked up i get my neighbours calls and they get mine haven t had homephone and internet for a week"
"769",0,"on its way yet can t get m on flagship device in say ask carrier say ask samsung"
"770",1,"same goes for pricks it s hard but i won t even call pricks well i ll try my hardest"
"771",0,"telstra sigh"
"772",-1,"your service is a disgrace"
"773",2,"telstra thanks is rewarding you with a keith urban pre sale reward keith urban"
"774",1,"thanks everyone in this photo for making today so awesome d …"
"775",1,"there isn t enough bandwidth in the lanecove tunnel"
"776",-1,"risks exodus unless it repairs its severed connection with customers"
"777",1,"why go and listen to a man who s ways amp application of change is destroying a once good company"
"778",0,"australia is outpacing the us in iot adoption cto"
"779",0,"are you listening to your customers"
"780",0,"are you listening"
"781",1,"why does it take another weeks to correct your error so my family has home amp internet today like we ordered weeks ago"
"782",-1,"hey i asked for phone amp internet to be connected today you re now telling me it s another weeks due you your error"
"783",0,"waited all day for guess what why make appointments and cant keep them ed u a u bd ed u b u a ed u a u bd ed u b u a ed u a u bd ed u b u a ed u a u bd ed u b u a"
"784",0,"mobile test wireless technology with speeds never seen before in this country"
"785",0,"automatic package ticks last day of contract"
"786",2,"sign p work 
given date 
confirmed 
told won t be for at least another days"
"787",-1,"is having issues in syd cbd no one has reception"
"788",-2,"should know it s driving customers mad with it completely disrupts my wifi finally eliminated it amp no more disruption"
"789",0,"you didn t need to spend to open a mobile phone base really"
"790",0,"another one"
"791",1,"from tech tony yesterday pic amp today get internet working well played sir give him a raise"
"792",2,"how many free days of travel would we get if apologised for outages like"
"793",0,"one thing"
"794",0,"australia is outpacing the us in adoption cto"
"795",1,"super taps willis towers watson veteran as cio"
"796",1,"the white pages and landlines work with no internet"
"797",0,"no internet for the next days family and kids are already pissed off thanks"
"798",-1,"register on the do not call register with telstra same evening i get a scam call asking me to pay a fee to register"
"799",0,"wow you put me on hold for h min and no reply no internet at home disgusting service we should change the provider"
"800",0,"keeps heat on with offers"
"801",0,"our minds on show"
"802",0,"i got a call about my plan and was told one thing then i went to shop and got another story"
"803",-1,"samsung mobile amp telstra service rubbish"
"804",1,"need to know how to set up telstra advise this advice requires platnium support porn kids"
"805",1,"vodafone make mobile progress"
"806",-1,"customers complain about slow speeds on free data day"
"807",0,"the time has come kick off session happening in few hours"
"808",0,"telstra conducting network review after outages"
"809",-3,"sadly falling short fail but we all know this"
"810",0,"okay just spent hour and minutes on the phone to trying to make an appointment with a technician still no joy what a joke"
"811",0,"telling me i d have to try another device o i did finally get it to play the next day"
"812",1,"got upgraded to adsl telstra sent me a video explaining how my new bill would look wouldn t open got pop up"
"813",1,"think there was slight improvement at rd try sounds good awful visually common to this area i m told"
"814",1,"we’re getting another free data day after massive"
"815",0,"telstra conducting network review read"
"816",0,"what is the future of technical adelaide"
"817",0,"ceo wants investors paid for long term bets"
"818",0,"…"
"819",1,"how have the outages effected you is it enough to have you re think your custom"
"820",1,"thanks for no internet or foxtel telstra really appreciate not having any internet or tv since am ed u a u bd ed u b u d ed u a u bd ed u b u d"
"821",1,"great to see is outpacing the us in adoption cto"
"822",0,"new gb plans coming to regions"
"823",0,"for every day our business internet is down a"
"824",0,"speed i dont think so"
"825",-1,"no one can hear me talk on the my mobile phone other side said all break up words fix it now"
"826",-1,"they are asking me to be accountable for a limitation that they have in regards to their agreements with"
"827",0,"this is how i feel when i hear the wifi is back up and running"
"828",0,"living in the"
"829",1,"i am trying to leave but their cust service is so good i am finding it hard to let go thank you digant from"
"830",0,"technology may save community nurses millions of"
"831",-2,"would you look at that my internet is down again same issue no compensation and my time wasted thanks ed u a u bd ed u b u d ed u a u bc ed u bf u bb"
"832",0,"just joined the line at hobart am ppl in front of me"
"833",0,"u aa u fc u b u c u e u ea u a u e u a u d u b u bf u a u eb u d u b u cd u b u u a u u a u e f u u a u f u bf u fc u cd u c u c u"
"834",-1,"users break download record"
"835",0,"businesses out of pocket after ’s nationwide outage"
"836",0,"telstra 

mobilfunkkunde nutzt tbyte an einem tag"
"837",0,"hires cisco ericsson juniper to assess network after outages"
"838",1,"offers second free data day after millions hit by"
"839",0,"some people are still using g phones and not…"
"840",0,"mullaley residents take on over phone outages"
"841",-1,"aaaww shucks thankfully i pick up coverage when i m out and some wi fi crazy isn t it"
"842",0,"get wi fi capabilities thanks to"
"843",2,"i m so glad i m paying for cable speeds those speed boost packs really help a whole bunch"
"844",0,"s outage map tonight i m done with you telstra its time we started seeing other people https …"
"845",0,"s outage map tonight i m done with you telstra its time we started seeing other people"
"846",3,"why the data guy won t apologise for downloading worth of free data"
"847",0,"’s chief operations officer kate mckenzie brings"
"848",-1,"intermittent problems with broadband for weeks very helpful call centre guy but telstra what s happening"
"849",-2,"so angry the rudest and most offensive customer service officer at on the phone just now still fuming hou…"
"850",-2,"so angry the rudest and most offensive customer service officer at on the phone just now still fuming hour phone call"
"851",0,"i almost never have g these days what happened to you"
"852",0,"some people are still using phones and not for the reasons you d expect"
"853",0,"talking about businesses of the future"
"854",1,"telstra free data day one user downloaded a whopping gigabytes of data maybe should give him a"
"855",0,"some people are still using"
"856",0,"and are keen to lure customers away from"
"857",0,"some people are still using g phones and not for…"
"858",0,"some people are still using g phones and…"
"859",0,"sl th some people are still using g phones and not for the reasons you d expect"
"860",0,"some people are still using g phones and not for the reasons you d expect"
"861",2,"reminder is giving away unlimited free data this sunday"
"862",-1,"am a small business owner and our internet is an absolute joke hard to be a productive member of the economy"
"863",-3,"a typical day on adsl copper packet loss unusable joke"
"864",0,"customers feedup with outages contact sm homies dan tris amp crew sign up for the day trial"
"865",1,"and now up to a nice packetloss go copper"
"866",-1,"mona vale to church point has old infrastructure and all ever does is the bare minimum this has been an issue for years"
"867",0,"thanks for the crap service get your act together and upgrade amp maintain the northern beaches phones out is not ok"
"868",0,"plus interest cheque in the mail thankyou"
"869",-1,"thing you were made aware made the error fix it thanks"
"870",1,"plus interest i made you aware now it s time to do the right"
"871",0,"i emailed they ignored me my proof emails now you owe"
"872",0,"at the address it was connected to i was not at i rang they still"
"873",0,"customers hit by nationwide outage"
"874",0,"how can bill me for two years for a landline service at the"
"875",2,"so i can confirm that twitter does indeed enhance modern life 
and that does not"
"876",0,"inside network woes what happened"
"877",-2,"people complaining about data guy ruining it for everyone need to learn about technology"
"878",0,"restoring services after nationwide mobile phone outage"
"879",2,"i m ready had enough of the whole company is a shambles from top to bottom i m looking to go to"
"880",0,"so have finally provided an explanation for their network outages 
but personally i still think it s this https t…"
"881",-4,"apparently poor copper wire is causing problem amp our computer drops out we pay for poor service your problem telstra"
"882",3,"says tough luck can t stop your connections dropping out not good enough telstra complaint no we pay no service"
"883",1,"jenny west nsw sales and service director telstra sharing her early negotiating skill development https …"
"884",0,"annnnnd i m back on the phone to 

 ed u a u bd ed u b u ed u a u bd ed u b u ed u a u bd ed u b u"
"885",0,"government to review uso"
"886",1,"free data guy clocks up almost a of downloads"
"887",0,"april updates are live would you know if aussie providers are blocking"
"888",0,"process over insights on enterprise social"
"889",1,"jenny west nsw sales and service director telstra sharing her early negotiating skill development"
"890",-2,"why s network problems could cause long term damage"
"891",0,"perhaps optus can provide me with internet postcode"
"892",0,"perth to singapore subsea cable singtel joins"
"893",-1,"network speed strained as aussies break telstra s free data day record"
"894",-1,"suspicion and manouevering behind and news corp’s"
"895",2,"the guy who downloaded gb of data on free data day because they were impinging on his basic human right to internet ed u a u be ed u b u ed u a u bd ed u b u bb u ed u a u bd ed u b u"
"896",-1,"did data guy ruin it for us"
"897",2,"people like you are why we can t have nice things data guy accused of"
"898",-1,"terrible outages everything you didn t want to know you can now know"
"899",-1,"strike again telling us we used gb of data in hrs you speed would allow a max of gb"
"900",0,"bitches don t know about my jumps"
"901",0,"no internet in altona meadows for adsl"
"902",1,"almost time for that classic line don t you know who i am"
"903",1,"suse barnes happygrumpy score is happy find out more at"
"904",-1,"for every day our business internet is down a penguin dies please help us amp the penguins 
 ed u a u bd ed u b u ad ed u a u bd ed u b u a"
"905",0,"you guys are killing our business over days no internet work phone or emails ed u a u bd ed u b u a ed u a u bd ed u b u a ed u a u bd ed u b u a ed u a u bd ed u b u a ed"
"906",0,"hires to assess after multiple outages"
"907",-2,"seriously are blaming this guy for slowing down speeds sydney wide they slowed it down for the hell of it"
"908",1,"you charge customes like wounded bulks and do not provide the service for which you repeatedly take money"
"909",2,"would love to have internet access on my g card right now"
"910",1,"telstra super appoints cio from willis towers watson"
"911",-1,"terrible telstra outages everything you didn t want to know you can now know"
"912",-1,"terrible telstra outages everything you didn t want to know you can now know sydney — during…"
"913",0,"enjoy terrible outages everything you didn t want to know you can now know"
"914",0,"now it loads"
"915",1,"spoke with data guy won’t apologise for downloading gb worth of content blames telstra https t…"
"916",1,"spoke with data guy won’t apologise for downloading gb worth of content blames telstra"
"917",0,"wants suppliers to explain why its network keeps going down"
"918",0,"data guy’s downloads were equivalent to this much cash"
"919",-1,"again no coverage don t tell me to turn my device off and on again it s your problem not mine"
"920",1,"free of charge data day april"
"921",1,"free guy devours almost tb in a day way to go"
"922",0,"for with day"
"923",0,"finally explains repeated outages"
"924",0,"telstra mobile broadband outages finally explained"
"925",0,"telstra finally explains outages"
"926",2,"s free data day leads to tb usage by one resident
read more"
"927",1,"telstra s support for same sex marriage will be interrupted from pm til am every thursday and sunday 
 …"
"928",0,"is discriminating against me and only giving me g signal"
"929",0,"s l o w c l a p"
"930",3,"my mum is awesome from supporting a basic human right"
"931",-1,"is there a in the area cloud based office ground to a halt with no internet"
"932",-1,"really disappointed in wasn t good but retracting support is weak shameful and m…"
"933",-1,"i m sorry i ve stayed away so long but will you have me and all my gays ed u a u bc ed u bc u ed u a u bd ed u b u ad"
"934",-2,"the catholic church must have a hell of a lot on money invested in this company a hell of a lot"
"935",-2,"really disappointed in wasn t good but retracting support is weak shameful and misguided"
"936",0,"i’m gonna start using my data exclusively for grindr and hardcore gay porn …"
"937",0,"i’m gonna start using my data exclusively for grindr and hardcore gay porn"
"938",2,"so telstra how much does supporting freedom cost"
"939",0,"i m with dodo and which runs via a telstra phone line and that s down too"
"940",1,"telstra s support for same sex marriage will be interrupted from pm til am every thursday and sunday"
"941",-1,"fuck you i will never support your brand ever again you backward cowards"
"942",-2,"what a disaster telstra you never give in to terrorism"
"943",-2,"service amp catholic church service both grossly inadequate for the needs of the st century"
"944",0,"perhaps are hoping for another to stop people from calling to leave"
"945",-1,"is there a risk those rainbow colours will cause a"
"946",0,"i love how catholic church is trending for all the wrong reasons"
"947",0,"yesterday i was h from melbourne and could hardly get mobile signal what is the site to check outages"
"948",1,"ftw since sunday i have had to deal wit dial up speed"
"949",0,"backs down on after catholic church threatens to excommunicate its telephone lines"
"950",0,"since march fed up"
"951",2,"more outages this morning enough is enough"
"952",0,"is there another outage"
"953",0,"what is going on today"
"954",0,"no coverage fitzroy"
"955",0,"says it all"
"956",-1,"we were told would be until april shop today advises the lack of service will be until th april"
"957",1,"hehehe
 a company that has a reliable network"
"958",0,"so over it my data has not been working all day"
"959",0,"you fkn reckon how about every day for the last month"
"960",0,"actually according to your link your experiencing long delays 
priceless"
"961",0,"gutted minutes to go in nail biter does it again"
"962",0,"what is happening in mont albert victoria just been told we will have no internet for days no info on website"
"963",0,"we have no internet and no phone connection for the last days what s going on post code rivervale wa"
"964",1,"entitled to more than a free data day assoc prof aviva freilich explains"
"965",0,"edge i m on the edge network atm that s how patchy your reception is"
"966",0,"another telstra outage for home internet with a day etc and no explanation anymore more info"
"967",0,"news at"
"968",-1,"is anyone else have tech issues with telstra broadband cable"
"969",0,"is permanent in coolangatta"
"970",0,"how does a service start working after days with zero communications from any service provider"
"971",-1,"the reason behind last nites it s just not funny anymore compensation please"
"972",-1,"to the extreme side outages over many days is crap"
"973",0,"it is still down with no plan or communication to resolve all round f n"
"974",1,"looks like another"
"975",0,"my newest article"
"976",-1,"no adsl at here we go again time for some monetary compensation for lost services"
"977",0,"hey no internet here at"
"978",0,"more no internet what are you doing"
"979",-2,"don t know but people are reporting issues i am also having issues"
"980",0,"lot s of problems right now getting pissed"
"981",0,"no broadband again"
"982",1,"looks like another bendigo and victoria no data for the past hour"
"983",0,"checkout why broadband internet amp wifi down in"
"984",-1,"another at postcode this is getting beyond a joke"
"985",0,"days after i report an outage that both you and know nothing about another is know known"
"986",-1,"adsl in surfside is so slow"
"987",0,"again no cable broadband in north manly"
"988",1,"reported outage with cable broadband yesterday effects service no updates even though they promised"
"989",2,"day of interesting how the service status page isn t mobile friendly"
"990",-1,"wtf is this network couldn t even watch the movie online is there any way i can get rid of this"
"991",-1,"umm yes i would if your service hadn t become as bad as used to be"
"992",-1,"unable to make calls send texts receive calls another pcode ed u a u bd ed u b u"
"993",-1,"wtf"
"994",0,"network outages finally explained"
"995",2,"now my messagebank is not available after missing an important call telstra is getting seriously random"
